REPRODUCIBILITY	WHITELISTED_MARKERS	BLACKLISTED_MARKERS
0.9	22883	0
0.905	22867	16
0.91	22853	30
0.915	22831	52
0.92	22779	104
0.925	22724	159
0.93	22656	227
0.935	22458	425
0.9400000000000001	22371	512
0.9450000000000001	22179	704
0.9500000000000001	21731	1152
0.9550000000000001	21555	1328
0.96	21048	1835
0.9650000000000001	20172	2711
0.97	19875	3008
0.975	17911	4972
0.98	17751	5132
0.985	17289	5594
0.99	14398	8485
0.995	14398	8485
1	14398	8485
