GROUP	MIN	Q25	MEDIAN	Q75	MAX	IQR	OUTLIERS_LOW	OUTLIERS_HIGH	SUBSAMPLE
missing genotypes	0.031465	0.0689995	0.084665	0.092185	0.274302	0.023185499999999998	0.03422125000000001	0.12696325	1
heterozygosity	0.092416	0.114337	0.122758	0.151129	0.234229	0.03679200000000002	0.092416	0.20631700000000003	1
