GROUP	MIN	Q25	MEDIAN	Q75	MAX	IQR	OUTLIERS_LOW	OUTLIERS_HIGH	SUBSAMPLE
missing genotypes	0.005532	0.0224735	0.028154	0.031957	0.064902	0.009483499999999999	0.008248250000000002	0.046182249999999994	1
heterozygosity	0.13758600000000001	0.15785100000000002	0.168984	0.207535	0.314791	0.04968399999999998	0.13758600000000001	0.28206099999999995	1
