GROUP	MIN	Q25	MEDIAN	Q75	MAX	IQR	OUTLIERS_LOW	OUTLIERS_HIGH	SUBSAMPLE
missing genotypes	0.005448	0.02201575	0.0275875	0.03127825	0.064487	0.0092625	0.008122	0.045172000000000004	1
heterozygosity	0.13756	0.157924	0.169313	0.20797074999999998	0.314641	0.05004674999999997	0.13756	0.28304087499999997	1
