MISSING_PROP	WHITELISTED_MARKERS	BLACKLISTED_MARKERS
0	8100	9699
0.1	13962	3837
0.2	15090	2709
0.30000000000000004	15853	1946
0.4	16469	1330
0.5	17009	790
0.6000000000000001	17391	408
0.7000000000000001	17681	118
0.8	17799	0
0.9	17799	0
1	17799	0
