GROUP	MIN	Q25	MEDIAN	Q75	MAX	IQR	OUTLIERS_LOW	OUTLIERS_HIGH	SUBSAMPLE
missing genotypes	0	0	0.005464481	0.07103825	0.7923497	0.07103825	0	0.1775956	1
