MEAN	MEDIAN	SE	MIN	MAX	QUANTILE25	QUANTILE75
0.8852309544386754	0.8844338268850485	0	0.48	1	0.8704212397072203	0.8989222805998264
